[
	{
		"nome": "Paulo", 
		"telefone" : "99889988", 
		"cor": "blue",
		"operadora": {
			"nome" : "VIVO", 
			"codigo": 15, 
			"categoria": "Celular", 
			"preco": 3
		} 
	},
		{
		"nome": "Doom", 
		"telefone" : "99889988", 
		"cor": "blue",
		"operadora": {
			"nome" : "VIVO", 
			"codigo": 15, 
			"categoria": "Celular", 
			"preco": 3
		} 
	},
		{
		"nome": "Abbath", 
		"telefone" : "99889988", 
		"cor": "blue",
		"operadora": {
			"nome" : "VIVO", 
			"codigo": 15, 
			"categoria": "Celular", 
			"preco": 3
		} 
	},
		{
		"nome": "John", 
		"telefone" : "99889988", 
		"cor": "blue",
		"operadora": {
			"nome" : "VIVO", 
			"codigo": 15, 
			"categoria": "Celular", 
			"preco": 3
		} 
	},
		{
		"nome": "Henrique", 
		"telefone" : "99889988", 
		"cor": "blue",
		"operadora": {
			"nome" : "VIVO", 
			"codigo": 15, 
			"categoria": "Celular", 
			"preco": 3
		} 
	}
]